greek,estimate,std_error,ci_low,ci_high
Delta,0.57905900,0.00016612,0.57873300,0.57938500
Vega,38.63870000,0.40544700,37.84400000,39.43330000
Gamma (LRM),0.01931930,0.00020272,0.01892200,0.01971670
Gamma (pathwise),0.01949150,0.00005007,0.01939330,0.01958960
Theta,-4.87951000,0.01001600,-4.89915000,-4.85988000
