tenor_bucket,moneyness,pnl,pnl_per_tick,quotes
30d,0.93,-9.149815315403943,-182.99630630807886,1
30d,1.02,-2.400423459164948,-48.008469183298956,1
30d,1.11,-0.38576449095533993,-7.715289819106799,1
60d,0.93,-7.067065778430569,-141.34131556861138,1
60d,1.02,-2.842285867342074,-56.84571734684148,1
60d,1.11,-0.9424912412281812,-18.849824824563623,1
90d,0.93,-5.808105561139316,-116.16211122278631,1
90d,1.02,-3.039691557435863,-60.79383114871726,1
90d,1.11,-1.2330301864913014,-24.660603729826025,1
