kappa,theta,sigma,rho,v0,atm_iv,rmse_iv
1.5,0.01738510373167361,0.5,-0.5,0.01738510373167361,0.13185258333333333,0.1475913789139206
