kappa,theta,sigma,rho,v0,atm_iv,rmse_iv
1.5,0.024025,0.5,-0.5,0.024025,0.155,0.011592023119369627
