mae,max_err
0.008875000000000001,0.023999999999999994
