mae,max_err
0.06758456831419352,1.2617389166666666
