tenor_bucket,moneyness,mid_iv,quotes
30d,0.9545454545454546,0.165,1
30d,1.0,0.155,1
30d,1.0454545454545454,0.148,1
60d,0.9545454545454546,0.172,1
60d,1.0,,0
60d,1.0454545454545454,0.152,1
90d,0.9545454545454546,0.179,1
90d,1.0,0.161,1
90d,1.0454545454545454,0.151,1
