tenor_bucket,mean_pnl,std_pnl,mean_ticks,count
30d,-3.978667755174744,4.5902383387788435,-79.57335510349488,3
60d,-3.617280962333608,3.1349746990019978,-72.34561924667216,3
90d,-3.360275768355493,2.30432405449969,-67.20551536710987,3
