threads,paths_per_sec,speedup,efficiency
1,12698735.205973515,1.0,1.0
2,11868027.533823878,0.9345834322335604,0.4672917161167802
4,12745023.06849175,1.003645076597586,0.2509112691493965
8,12944983.818770258,1.0193915857605178,0.12742394822006473
