space_nodes,real_time_ms,abs_error
101,0.10907266576804889,0.004463568296902309
161,0.29094267050851164,0.0017441712460879444
201,0.3917478881823608,0.001116356833264831
321,1.0304397563575893,0.0004361138572921419
