payoff,method,std_error,real_time_ms,time_scaled_error
Asian,PRNG,0.00027597557117775687,732.2477090056054,0.007467919909203473
Asian,QMC,0.0002594282681177206,912.5049579888582,0.007836730516298901
Barrier,PRNG,0.00452597370184103,914.8971250397153,0.13689833230644832
Barrier,QMC,0.004268833981552804,647.4210420274176,0.10861821720943354
