threads,paths_per_sec,speedup,efficiency
1,13036449.91395943,1.0,1.0
2,13043081.297525711,1.0005086801706022,0.5002543400853011
4,13009314.669303194,0.9979185096529094,0.24947962741322735
8,12944313.563051725,0.9929324047945717,0.12411655059932146
