payoff,method,std_error,real_time_ms,time_scaled_error
Asian,PRNG,0.00027597557117775687,699.7387090232223,0.007300264415940869
Asian,QMC,0.0002594282681177206,743.2790840393864,0.007072830532415742
Barrier,PRNG,0.00452597370184103,798.4650409780443,0.1278909988504453
Barrier,QMC,0.004268833981552804,603.3420829917304,0.10485546588983334
