threads,paths_per_sec,speedup,efficiency
1,13388493.928318013,1.0,1.0
2,13177140.297012726,0.9842137859241769,0.4921068929620884
4,13405005.429027185,1.0012332604994687,0.2503083151248672
8,13432374.709524909,1.0032774994291243,0.12540968742864053
