payoff,method,std_error,real_time_ms,time_scaled_error
Asian,PRNG,0.00027597557117775687,659.9696250050329,0.007089777644560518
Asian,QMC,0.0002594282681177206,1549.3314580235165,0.010211498218407665
Barrier,PRNG,0.00452597370184103,1045.691249979427,0.14635708908285577
Barrier,QMC,0.004268833981552804,548.8451670098584,0.10000787220379216
