threads,paths_per_sec,speedup,efficiency
1,13443751.344375093,1.0,1.0
2,13487995.683841404,1.003291070946862,0.501645535473431
4,13454061.108345548,1.0007668814831783,0.25019172037079457
8,13520090.85501056,1.0056784381591086,0.12570980476988858
