space_nodes,real_time_ms,abs_error
101,0.10597976878601376,0.004463568296902309
161,0.24043121355874575,0.0017441712460879444
201,0.36983726178008686,0.001116356833264831
321,1.0515383815788337,0.0004361138572921419
