method,std_error
PRNG,0.0075559672132643725
QMC,0.007558597845795052
