payoff,method,std_error,real_time_ms,time_scaled_error
Asian,PRNG,0.00027597557117775687,686.2537499982864,0.0072295789736804
Asian,QMC,0.0002594282681177206,833.6620409972966,0.007490525900719668
Barrier,PRNG,0.00452597370184103,823.3980829827487,0.12987242562918677
Barrier,QMC,0.004268833981552804,582.9254169948399,0.1030660806220322
