space_nodes,real_time_ms,abs_error
101,0.13036766251553028,0.004463568296902309
161,0.25868021792838525,0.0017441712460879444
201,0.3665031564205584,0.001116356833264831
321,0.9259156458272895,0.0004361138572921419
