threads,paths_per_sec,speedup,efficiency
1,12364148.91380953,1.0,1.0
2,12399409.78809409,1.002851864251261,0.5014259321256305
4,10983700.188919654,0.8883506875796318,0.22208767189490794
8,11766367.01651994,0.9516519979291153,0.11895649974113941
