threads,paths_per_sec,speedup,efficiency
1,11796765.326947337,1.0,1.0
2,12814434.178658819,1.0862667708907308,0.5431333854453654
4,11044598.087075623,0.9362395352433146,0.23405988381082865
8,11350480.125309343,0.9621688497423488,0.1202711062177936
