space_nodes,real_time_ms,abs_error
101,0.09690492271708168,0.004463568296902309
161,0.3484999999636784,0.0017441712460879444
201,0.3373562801204136,0.001116356833264831
321,0.8539061327829554,0.0004361138572921419
