space_nodes,real_time_ms,abs_error
101,0.10096226537296939,0.004463568296902309
161,0.25048693001950745,0.0017441712460879444
201,0.4299063081349674,0.001116356833264831
321,0.98672024323605,0.0004361138572921419
