payoff,method,std_error,real_time_ms,time_scaled_error
Asian,PRNG,0.00027597557117775687,680.9837089967914,0.007201765933101466
Asian,QMC,0.0002594282681177206,750.6085420027375,0.007107617494092796
Barrier,PRNG,0.004525973701840975,172.42795799393207,0.05943138738351859
Barrier,QMC,0.0042688339815527936,95.05291702225804,0.04161903341388131
