space_nodes,real_time_ms,abs_error
101,0.11710258890080108,0.004463568296902309
161,0.2874391891500952,0.0017441712460879444
201,0.43566892760194253,0.001116356833264831
321,1.09016030546627,0.0004361138572921419
