threads,paths_per_sec,speedup,efficiency
1,12750004.966126934,1.0,1.0
2,25466324.046138458,1.9973579707455094,0.9986789853727547
4,50885071.18176915,3.9909844205516802,0.9977461051379201
8,97247073.44170958,7.627218475605841,0.9534023094507301
