payoff,method,std_error,real_time_ms,time_scaled_error
Asian,PRNG,0.00027597557117775687,742.45137500111,0.007519771581887626
Asian,QMC,0.0002594282681177206,847.5710420170798,0.007552754208285436
Barrier,PRNG,0.00452597370184103,855.7060419698246,0.13239583573497574
Barrier,QMC,0.004268833981552804,537.4486660002731,0.09896411828550483
