omega,iterations,residual
1.1,22260.0,9.495943587012334e-09
1.3,14758.0,8.847910848430729e-09
1.5,8516.0,8.939109008565538e-09
1.7,9480.0,9.059512251496926e-09
1.9,29750.0,9.991278915322255e-09
