payoff,method,std_error,real_time_ms,time_scaled_error
Asian,PRNG,0.00027597557117775687,1201.1301669990644,0.0095645750259114
Asian,QMC,0.0002594282681177206,1023.3858340070583,0.008299214643552167
Barrier,PRNG,0.00452597370184103,1039.550124987727,0.14592669403153355
Barrier,QMC,0.004268833981552804,817.925833980553,0.1220861020369577
