space_nodes,real_time_ms,abs_error
101,0.09342545354108892,0.004463568296902309
161,0.22440520933741936,0.0017441712460879444
201,0.3532300364289161,0.001116356833264831
321,0.8905614873894104,0.0004361138572921419
