threads,paths_per_sec,speedup,efficiency
1,11173434.04321882,1.0,1.0
2,13114754.098360669,1.1737442622950855,0.5868721311475428
4,13202365.863962855,1.1815853400929501,0.29539633502323753
8,13059604.032805711,1.168808441728048,0.146101055216006
