space_nodes,real_time_ms,abs_error
101,0.10284741744224991,0.004463568296902309
161,0.23543470478210374,0.0017441712460879444
201,0.36334827714397205,0.001116356833264831
321,0.9162272727298368,0.0004361138572921419
