space_nodes,real_time_ms,abs_error
101,0.1020823078543437,0.004463568296902309
161,0.31370646152376697,0.0017441712460879444
201,0.5142502400225827,0.001116356833264831
321,1.451137324001535,0.0004361138572921419
