payoff,method,std_error,real_time_ms,time_scaled_error
Asian,PRNG,0.00027597557117775687,716.6987080127001,0.007388205244518468
Asian,QMC,0.0002594282681177206,838.882707990706,0.007513943369317183
Barrier,PRNG,0.00452597370184103,834.9665419664234,0.13078157484536587
Barrier,QMC,0.004268833981552804,596.1987500195391,0.10423289391251093
