method,std_error
PRNG,0.007555967213264462
QMC,0.007558597845795159
