space_nodes,real_time_ms,abs_error
101,0.10044343204294813,0.004463568296902309
161,0.239043941946999,0.0017441712460879444
201,0.36964144735401006,0.001116356833264831
321,0.9429805891345932,0.0004361138572921419
