space_nodes,real_time_ms,abs_error
101,0.10718361531157271,0.004463568296902309
161,0.2742972429702386,0.0017441712460879444
201,0.4068322367904904,0.001116356833264831
321,1.1634365942302174,0.0004361138572921419
