payoff,method,std_error,real_time_ms,time_scaled_error
Asian,PRNG,0.00027597557117775687,677.859959017951,0.007185229286375677
Asian,QMC,0.0002594282681177206,716.952916001901,0.0069464452031600425
Barrier,PRNG,0.00452597370184103,735.0196670158766,0.12270478703309615
Barrier,QMC,0.004268833981552804,559.6307080122642,0.10098573566451427
