space_nodes,real_time_ms,abs_error
101,0.10769307297742203,0.004463568296902309
161,0.24451041671757898,0.0017441712460879444
201,0.38267339580973686,0.001116356833264831
321,0.9367332208671837,0.0004361138572921419
