payoff,method,std_error,real_time_ms,time_scaled_error
Asian,PRNG,0.00027597557117775687,657.1727909999936,0.007074739085999447
Asian,QMC,0.0002594282681177206,749.3114579999656,0.007101473703646586
Barrier,PRNG,0.00452597370184103,717.3392080001122,0.12122000864216204
Barrier,QMC,0.004268833981552804,506.3910420001321,0.09606214331723577
