space_nodes,real_time_ms,abs_error
101,0.09722565566854818,0.004463568296902309
161,0.2313037382981325,0.0017441712460879444
201,0.35432824870662355,0.001116356833264831
321,0.8858135119137331,0.0004361138572921419
