threads,paths_per_sec,speedup,efficiency
1,13684383.381684816,1.0,1.0
2,13620081.448087066,0.9953010719004108,0.4976505359502054
4,13609700.99486914,0.9945425099010577,0.24863562747526444
8,12299820.422621831,0.8988216772035134,0.11235270965043917
