space_nodes,real_time_ms,abs_error
101,0.09930121715741742,0.004463568296902309
161,0.23622397410805404,0.0017441712460879444
201,0.37168885929856316,0.001116356833264831
321,1.1514369999952956,0.0004361138572921419
