space_nodes,real_time_ms,abs_error
101,0.16240122970604184,8.827321225352122
161,0.41583829589350674,8.827321225352122
201,0.6380768181936053,8.827321225352122
321,1.597804590842729,8.827321225352122
