threads,paths_per_sec
1,14047114.020424515
2,14038240.166212715
4,14053826.154170502
8,14055999.100416038
