threads,paths_per_sec,speedup,efficiency
1,13842746.400885921,1.0,1.0
2,13834511.572568933,0.9994051160023808,0.4997025580011904
4,13321787.783920614,0.9623659495104262,0.24059148737760655
8,13483449.066271186,0.9740443605474315,0.12175554506842894
