payoff,method,std_error,real_time_ms,time_scaled_error
Asian,PRNG,0.0002930021057419876,654.836959001841,0.0074978601041905905
Asian,QMC,0.00039850288871183705,829.5777910097968,0.011477836455927667
Barrier,PRNG,0.004673455443622399,723.9959579892457,0.12574947405442072
Barrier,QMC,0.005505290598238684,486.8179170007352,0.12146845991314624
