payoff,method,std_error,real_time_ms,time_scaled_error
Asian,PRNG,0.00027597557117775687,724.8301249928772,0.00742999905182133
Asian,QMC,0.0002594282681177206,969.5337079465389,0.008077905213807985
Barrier,PRNG,0.00452597370184103,814.3657500040717,0.12915813824287417
Barrier,QMC,0.004268833981552804,547.1461249981076,0.09985295667149932
