payoff,method,std_error,real_time_ms,time_scaled_error
Asian,PRNG,0.00027597557117775687,708.5975840018364,0.007346330699672533
Asian,QMC,0.0002594282681177206,807.3381249996601,0.007371315965191166
Barrier,PRNG,0.00452597370184103,818.0290419986704,0.1294483107341328
Barrier,QMC,0.004268833981552804,545.4494170116959,0.09969801373228378
