payoff,method,std_error,real_time_ms,time_scaled_error
Asian,PRNG,0.00027597557117775687,826.7950000008569,0.007935413494126553
Asian,QMC,0.0002594282681177206,839.934749994427,0.007518653507640132
Barrier,PRNG,0.00452597370184103,825.8049159776419,0.1300620988603058
Barrier,QMC,0.004268833981552804,607.1483340347185,0.10518569211120592
