threads,paths_per_sec,speedup,efficiency
1,11416958.750528045,1.0,1.0
2,12169299.291746786,1.0658967556648082,0.5329483778324041
4,12732365.673542134,1.115215176979881,0.27880379424497026
8,12345374.188291645,1.0813189797782758,0.13516487247228448
