threads,paths_per_sec,speedup,efficiency
1,9775744.422937807,1.0,1.0
2,10487127.051544221,1.0727701746106646,0.5363850873053323
4,10718113.612004295,1.0963987138263673,0.27409967845659183
8,9240265.380421741,0.9452237068248616,0.1181529633531077
