threads,paths_per_sec,speedup,efficiency
1,13360945.954973623,1.0,1.0
2,26921886.147343464,2.01496856869792,1.00748428434896
4,51684260.850464486,3.868308503353011,0.9670771258382528
8,84967783.04892716,6.359413722296948,0.7949267152871184
