threads,paths_per_sec,speedup,efficiency
1,10730074.252113817,1.0,1.0
2,12986338.372032609,1.2102747909199518,0.6051373954599759
4,12734473.493193422,1.186801991671655,0.29670049791791375
8,12464165.524118157,1.1616103701857166,0.14520129627321457
